up_date,Open,High,Low,Close,Volume,Dividends,Stock Splits,stock
2019-11-20,3114.659912,3118.969971,3091.409912,3108.459961,4034890000,0,0,S&P500
2019-11-20,27879.55078,27897.2793,27675.2793,27821.08984,258140000,0,0,Dow Jones
2019-11-20,8543.570313,8578.269531,8468.629883,8526.730469,2596030000,0,0,Nasdaq
2019-11-21,3108.48999,3110.110107,3094.550049,3103.540039,3720560000,0,0,S&P500
2019-11-21,27820.2793,27828.33008,27708.33984,27766.28906,232020000,0,0,Dow Jones
2019-11-21,8527.870117,8530.730469,8487.290039,8506.209961,2056230000,0,0,Nasdaq
2019-11-22,3111.409912,3112.870117,3099.26001,3110.290039,3226780000,0,0,S&P500
2019-11-22,27831.23047,27898.46094,27773.98047,27875.61914,214780000,0,0,Dow Jones
2019-11-22,8530.540039,8535.459961,8477.490234,8519.879883,1877090000,0,0,Nasdaq
2019-11-25,3117.439941,3133.830078,3117.439941,3133.639893,3511530000,0,0,S&P500
2019-11-25,27917.76953,28068.68945,27917.76953,28066.4707,248420000,0,0,Dow Jones
2019-11-25,8559.650391,8633.150391,8559.650391,8632.490234,2256070000,0,0,Nasdaq
2019-11-26,3134.850098,3142.689941,3131,3140.52002,4595590000,0,0,S&P500
2019-11-26,28080.75,28146.01953,28042.21094,28121.67969,324050000,0,0,Dow Jones
2019-11-26,8635.400391,8659.730469,8625.620117,8647.929688,2434570000,0,0,Nasdaq
2019-11-27,3145.48999,3154.26001,3143.409912,3153.629883,3033090000,0,0,S&P500
2019-11-27,28156.4707,28174.9707,28075.23047,28164,198210000,0,0,Dow Jones
2019-11-27,8669.589844,8705.910156,8662.580078,8705.179688,1744580000,0,0,Nasdaq
2019-11-29,3147.179932,3150.300049,3139.340088,3140.97998,1743020000,0,0,S&P500
2019-11-29,28103.16016,28119.50977,28042.5293,28051.41016,120630000,0,0,Dow Jones
2019-11-29,8682.009766,8697.320313,8664.040039,8665.469727,1099090000,0,0,Nasdaq
2019-12-02,3143.850098,3144.310059,3110.780029,3113.870117,3268740000,0,0,S&P500
2019-12-02,28109.74023,28109.83984,27782.34961,27783.03906,236610000,0,0,Dow Jones
2019-12-02,8672.839844,8672.839844,8540.160156,8567.990234,2225940000,0,0,Nasdaq
2019-12-03,3087.409912,3094.969971,3070.330078,3093.199951,3653390000,0,0,S&P500
2019-12-03,27501.98047,27524.74023,27325.13086,27502.81055,275350000,0,0,Dow Jones
2019-12-03,8460.719727,8523.980469,8435.400391,8520.639648,2308600000,0,0,Nasdaq
2019-12-04,3103.5,3119.379883,3102.530029,3112.76001,3695030000,0,0,S&P500
2019-12-04,27634.63086,27727.44922,27612.08008,27649.7793,218200000,0,0,Dow Jones
2019-12-04,8557.450195,8584.879883,8552.379883,8566.669922,2150680000,0,0,Nasdaq
2019-12-05,3119.209961,3119.449951,3103.76001,3117.429932,3355750000,0,0,S&P500
2019-12-05,27736.05078,27745.19922,27562.80078,27677.78906,208600000,0,0,Dow Jones
2019-12-05,8587.929688,8588.889648,8541.919922,8570.700195,2123380000,0,0,Nasdaq
2019-12-06,3134.620117,3150.600098,3134.620117,3145.909912,3479480000,0,0,S&P500
2019-12-06,27839.67969,28035.84961,27839.67969,28015.06055,223310000,0,0,Dow Jones
2019-12-06,8634.25,8665.44043,8630.580078,8656.530273,2053530000,0,0,Nasdaq
2019-12-09,3141.860107,3148.870117,3135.459961,3135.959961,3345990000,0,0,S&P500
2019-12-09,27987.05078,28010.41992,27906.14063,27909.59961,217000000,0,0,Dow Jones
2019-12-09,8650.860352,8678.849609,8619.769531,8621.830078,2088520000,0,0,Nasdaq
2019-12-10,3135.360107,3142.120117,3126.090088,3132.52002,3343790000,0,0,S&P500
2019-12-10,27900.65039,27949.01953,27804,27881.7207,213250000,0,0,Dow Jones
2019-12-10,8623.55957,8650.759766,8600.820313,8616.179688,2053390000,0,0,Nasdaq
2019-12-11,3135.75,3143.97998,3133.209961,3141.629883,3252540000,0,0,S&P500
2019-12-11,27867.31055,27925.5,27801.80078,27911.30078,213510000,0,0,Dow Jones
2019-12-11,8631.120117,8658.480469,8622.360352,8654.049805,1937850000,0,0,Nasdaq
2019-12-12,3141.22998,3176.280029,3138.469971,3168.570068,3990690000,0,0,S&P500
2019-12-12,27898.33984,28224.94922,27859.86914,28132.05078,277740000,0,0,Dow Jones
2019-12-12,8645.360352,8745.820313,8633.599609,8717.320313,2388270000,0,0,Nasdaq
2019-12-13,3166.649902,3182.679932,3156.51001,3168.800049,3736870000,0,0,S&P500
2019-12-13,28123.64063,28290.73047,28028.32031,28135.38086,250660000,0,0,Dow Jones
2019-12-13,8713.910156,8768.870117,8697.580078,8734.879883,2188720000,0,0,Nasdaq
2019-12-16,3183.629883,3197.709961,3183.629883,3191.449951,4051790000,0,0,S&P500
2019-12-16,28191.66992,28337.49023,28191.66992,28235.89063,286770000,0,0,Dow Jones
2019-12-16,8791.30957,8833.450195,8789.769531,8814.230469,2346290000,0,0,Nasdaq
2019-12-17,3195.399902,3198.219971,3191.030029,3192.52002,3837540000,0,0,S&P500
2019-12-17,28221.75,28328.63086,28220.56055,28267.16016,286770000,0,0,Dow Jones
2019-12-17,8829.469727,8831.990234,8804.599609,8823.360352,2374120000,0,0,Nasdaq
2019-12-18,3195.209961,3198.47998,3191.139893,3191.139893,4014080000,0,0,S&P500
2019-12-18,28291.43945,28323.25,28239.2793,28239.2793,289890000,0,0,Dow Jones
2019-12-18,8834.650391,8848.759766,8820.419922,8827.740234,2727870000,0,0,Nasdaq
2019-12-19,3192.320068,3205.47998,3192.320068,3205.370117,3720450000,0,0,S&P500
2019-12-19,28278.31055,28381.48047,28278.24023,28376.96094,262570000,0,0,Dow Jones
2019-12-19,8838.969727,8888.129883,8838.969727,8887.219727,2415950000,0,0,Nasdaq
2019-12-20,3223.330078,3225.649902,3216.030029,3221.219971,6454270000,0,0,S&P500
2019-12-20,28608.64063,28608.64063,28445.59961,28455.08984,603780000,0,0,Dow Jones
2019-12-20,8911.839844,8931.910156,8901.870117,8924.959961,3825460000,0,0,Nasdaq
2019-12-23,3226.050049,3227.780029,3222.300049,3224.01001,3060610000,0,0,S&P500
2019-12-23,28491.7793,28582.49023,28491.7793,28551.5293,223530000,0,0,Dow Jones
2019-12-23,8950.200195,8956.639648,8934.549805,8945.650391,2025450000,0,0,Nasdaq
2019-12-24,3225.449951,3226.429932,3220.51001,3223.379883,1296540000,0,0,S&P500
2019-12-24,28572.57031,28576.80078,28503.21094,28515.44922,86150000,0,0,Dow Jones
2019-12-24,8955.009766,8957.120117,8934.360352,8952.879883,1014520000,0,0,Nasdaq
2019-12-26,3227.199951,3240.080078,3227.199951,3239.909912,2160680000,0,0,S&P500
2019-12-26,28539.46094,28624.09961,28535.15039,28621.39063,155970000,0,0,Dow Jones
2019-12-26,8970.209961,9022.459961,8968.459961,9022.389648,1634920000,0,0,Nasdaq
2019-12-27,3247.22998,3247.929932,3234.370117,3240.02002,2428670000,0,0,S&P500
2019-12-27,28675.33984,28701.66016,28608.98047,28645.25977,182280000,0,0,Dow Jones
2019-12-27,9049.469727,9052,8987.320313,9006.620117,1832200000,0,0,Nasdaq
2019-12-30,3240.090088,3240.919922,3216.570068,3221.290039,3013290000,0,0,S&P500
2019-12-30,28654.75977,28664.68945,28428.98047,28462.14063,181600000,0,0,Dow Jones
2019-12-30,9004.450195,9006.360352,8909.19043,8945.990234,2042420000,0,0,Nasdaq
2019-12-31,3215.179932,3231.719971,3212.030029,3230.780029,2893810000,0,0,S&P500
2019-12-31,28414.64063,28547.34961,28376.49023,28538.43945,193340000,0,0,Dow Jones
2019-12-31,8918.740234,8975.360352,8912.769531,8972.599609,2182800000,0,0,Nasdaq
2020-01-02,3244.669922,3258.139893,3235.530029,3257.850098,3458250000,0,0,S&P500
2020-01-02,28638.9707,28872.80078,28627.76953,28868.80078,251820000,0,0,Dow Jones
2020-01-02,9039.459961,9093.429688,9010.889648,9092.19043,2848370000,0,0,Nasdaq
2020-01-03,3226.360107,3246.149902,3222.340088,3234.850098,3461290000,0,0,S&P500
2020-01-03,28553.33008,28716.31055,28500.35938,28634.88086,239590000,0,0,Dow Jones
2020-01-03,8976.429688,9065.759766,8976.429688,9020.769531,2567400000,0,0,Nasdaq
2020-01-06,3217.550049,3246.840088,3214.639893,3246.280029,3674070000,0,0,S&P500
2020-01-06,28465.5,28708.01953,28418.63086,28703.38086,252760000,0,0,Dow Jones
2020-01-06,8943.5,9072.410156,8943.5,9071.469727,2788120000,0,0,Nasdaq
2020-01-07,3241.860107,3244.909912,3232.429932,3237.179932,3420380000,0,0,S&P500
2020-01-07,28639.17969,28685.5,28565.2793,28583.67969,258900000,0,0,Dow Jones
2020-01-07,9076.639648,9091.929688,9042.549805,9068.580078,2352850000,0,0,Nasdaq
2020-01-08,3238.590088,3267.070068,3236.669922,3253.050049,3720890000,0,0,S&P500
2020-01-08,28556.14063,28866.17969,28522.50977,28745.08984,291750000,0,0,Dow Jones
2020-01-08,9068.030273,9168.889648,9059.379883,9129.240234,2464090000,0,0,Nasdaq
2020-01-09,3266.030029,3275.580078,3263.669922,3274.699951,3638390000,0,0,S&P500
2020-01-09,28851.9707,28988.00977,28844.31055,28956.90039,275060000,0,0,Dow Jones
2020-01-09,9202.269531,9215.950195,9158.5,9203.429688,2534700000,0,0,Nasdaq
2020-01-10,3281.810059,3282.98999,3260.860107,3265.350098,3212970000,0,0,S&P500
2020-01-10,28977.51953,29009.07031,28789.09961,28823.76953,237830000,0,0,Dow Jones
2020-01-10,9232.950195,9235.200195,9164.660156,9178.860352,2378990000,0,0,Nasdaq
2020-01-13,3271.129883,3288.129883,3268.429932,3288.129883,3456380000,0,0,S&P500
2020-01-13,28869.00977,28909.91016,28819.42969,28907.05078,249830000,0,0,Dow Jones
2020-01-13,9213.719727,9274.490234,9193.05957,9273.929688,2530270000,0,0,Nasdaq
2020-01-14,3285.350098,3294.25,3277.189941,3283.149902,3665130000,0,0,S&P500
2020-01-14,28895.5,29054.16016,28872.26953,28939.66992,287440000,0,0,Dow Jones
2020-01-14,9270.610352,9298.330078,9226.490234,9251.330078,2542170000,0,0,Nasdaq
2020-01-15,3282.27002,3298.659912,3280.689941,3289.290039,3716840000,0,0,S&P500
2020-01-15,28901.80078,29127.58984,28897.34961,29030.2207,260270000,0,0,Dow Jones
2020-01-15,9253.759766,9298.820313,9231.139648,9258.700195,2435650000,0,0,Nasdaq
2020-01-16,3302.969971,3317.110107,3302.820068,3316.810059,3535080000,0,0,S&P500
2020-01-16,29131.94922,29300.32031,29131.94922,29297.64063,252110000,0,0,Dow Jones
2020-01-16,9313.450195,9357.919922,9301.320313,9357.129883,2301400000,0,0,Nasdaq
2020-01-17,3323.659912,3329.879883,3318.860107,3329.620117,3698170000,0,0,S&P500
2020-01-17,29313.31055,29373.61914,29289.91016,29348.09961,321820000,0,0,Dow Jones
2020-01-17,9392.370117,9393.480469,9346.80957,9388.94043,2522670000,0,0,Nasdaq
2020-01-21,3321.030029,3329.790039,3316.610107,3320.790039,4105340000,0,0,S&P500
2020-01-21,29269.05078,29341.21094,29146.4707,29196.03906,320640000,0,0,Dow Jones
2020-01-21,9361.070313,9397.580078,9350.200195,9370.80957,2684540000,0,0,Nasdaq
2020-01-22,3330.02002,3337.77002,3320.040039,3321.75,3619850000,0,0,S&P500
2020-01-22,29263.63086,29320.19922,29172.25977,29186.26953,283440000,0,0,Dow Jones
2020-01-22,9413.610352,9439.290039,9375.129883,9383.769531,2449390000,0,0,Nasdaq
2020-01-23,3315.77002,3326.879883,3301.870117,3325.540039,3764860000,0,0,S&P500
2020-01-23,29111.01953,29190.4707,28966.98047,29160.08984,307060000,0,0,Dow Jones
2020-01-23,9377.719727,9409.200195,9334.129883,9402.480469,2460050000,0,0,Nasdaq
2020-01-24,3333.100098,3333.179932,3281.530029,3295.469971,3707130000,0,0,S&P500
2020-01-24,29230.39063,29288.78906,28843.31055,28989.73047,380010000,0,0,Dow Jones
2020-01-24,9446.209961,9451.429688,9273.230469,9314.910156,2611710000,0,0,Nasdaq
2020-01-27,3247.159912,3258.850098,3234.5,3243.629883,3823100000,0,0,S&P500
2020-01-27,28542.49023,28671.78906,28440.4707,28535.80078,337270000,0,0,Dow Jones
2020-01-27,9092.459961,9185.450195,9088.040039,9139.30957,2583330000,0,0,Nasdaq
2020-01-28,3255.350098,3285.780029,3253.219971,3276.23999,3526720000,0,0,S&P500
2020-01-28,28594.2793,28823.23047,28575.75,28722.84961,330140000,0,0,Dow Jones
2020-01-28,9201.820313,9288.870117,9182.330078,9269.679688,2157830000,0,0,Nasdaq
2020-01-29,3289.459961,3293.469971,3271.889893,3273.399902,3584500000,0,0,S&P500
2020-01-29,28820.5293,28944.24023,28728.18945,28734.44922,302290000,0,0,Dow Jones
2020-01-29,9318.259766,9329.120117,9249.040039,9275.160156,2223480000,0,0,Nasdaq
2020-01-30,3256.449951,3285.909912,3242.800049,3283.659912,3787250000,0,0,S&P500
2020-01-30,28640.16016,28879.71094,28489.75977,28859.43945,326850000,0,0,Dow Jones
2020-01-30,9211.150391,9303,9185.179688,9298.929688,2333500000,0,0,Nasdaq
2020-01-31,3282.330078,3282.330078,3214.679932,3225.52002,4527830000,0,0,S&P500
2020-01-31,28813.03906,28813.03906,28169.5293,28256.0293,403890000,0,0,Dow Jones
2020-01-31,9324.330078,9324.799805,9123.219727,9150.94043,2685840000,0,0,Nasdaq
2020-02-03,3235.659912,3268.439941,3235.659912,3248.919922,3757910000,0,0,S&P500
2020-02-03,28319.65039,28630.39063,28319.65039,28399.81055,307910000,0,0,Dow Jones
2020-02-03,9190.719727,9299.849609,9188.549805,9273.400391,2420510000,0,0,Nasdaq
2020-02-04,3280.610107,3306.919922,3280.610107,3297.590088,3995320000,0,0,S&P500
2020-02-04,28696.74023,28904.88086,28696.74023,28807.63086,332750000,0,0,Dow Jones
2020-02-04,9398.389648,9485.379883,9374.049805,9467.969727,2445420000,0,0,Nasdaq
2020-02-05,3324.909912,3337.580078,3313.75,3334.689941,4117730000,0,0,S&P500
2020-02-05,29048.73047,29308.89063,29000.84961,29290.84961,357540000,0,0,Dow Jones
2020-02-05,9574.099609,9574.94043,9454.929688,9508.679688,2462470000,0,0,Nasdaq
2020-02-06,3344.919922,3347.959961,3334.389893,3345.780029,3868370000,0,0,S&P500
2020-02-06,29388.58008,29408.05078,29246.92969,29379.76953,263700000,0,0,Dow Jones
2020-02-06,9540.980469,9575.660156,9505.679688,9572.150391,2267300000,0,0,Nasdaq
2020-02-07,3335.540039,3341.419922,3322.120117,3327.709961,3730650000,0,0,S&P500
2020-02-07,29286.91992,29286.91992,29056.98047,29102.50977,252860000,0,0,Dow Jones
2020-02-07,9526.639648,9570.089844,9496.530273,9520.509766,2238670000,0,0,Nasdaq
2020-02-10,3318.280029,3352.26001,3317.77002,3352.090088,3450350000,0,0,S&P500
2020-02-10,28995.66016,29278.07031,28995.66016,29276.82031,250510000,0,0,Dow Jones
2020-02-10,9493.629883,9628.660156,9493.629883,9628.389648,2179310000,0,0,Nasdaq
2020-02-11,3365.870117,3375.629883,3352.719971,3357.75,3760550000,0,0,S&P500
2020-02-11,29390.71094,29415.39063,29210.4707,29276.33984,279540000,0,0,Dow Jones
2020-02-11,9680.889648,9714.740234,9617.209961,9638.94043,2423670000,0,0,Nasdaq
2020-02-12,3370.5,3381.469971,3369.719971,3379.449951,3926380000,0,0,S&P500
2020-02-12,29406.75,29568.57031,29406.75,29551.41992,309530000,0,0,Dow Jones
2020-02-12,9688.599609,9728.769531,9666.69043,9725.959961,2355000000,0,0,Nasdaq
2020-02-13,3365.899902,3385.090088,3360.52002,3373.939941,3498240000,0,0,S&P500
2020-02-13,29436.0293,29535.40039,29345.92969,29423.31055,291150000,0,0,Dow Jones
2020-02-13,9657.040039,9748.320313,9650.019531,9711.969727,2239270000,0,0,Nasdaq
2020-02-14,3378.080078,3380.689941,3366.149902,3380.159912,3398040000,0,0,S&P500
2020-02-14,29440.4707,29463.03906,29283.17969,29398.08008,231000000,0,0,Dow Jones
2020-02-14,9728.900391,9746.360352,9693.049805,9731.179688,2222240000,0,0,Nasdaq
2020-02-18,3369.040039,3375.01001,3355.610107,3370.290039,3746720000,0,0,S&P500
2020-02-18,29282.7793,29330.16016,29116.81055,29232.18945,256600000,0,0,Dow Jones
2020-02-18,9679.040039,9747.679688,9675.799805,9732.740234,2273460000,0,0,Nasdaq
2020-02-19,3380.389893,3393.52002,3378.830078,3386.149902,3600150000,0,0,S&P500
2020-02-19,29312.69922,29409.08984,29274.38086,29348.0293,240640000,0,0,Dow Jones
2020-02-19,9782.80957,9838.370117,9777.099609,9817.179688,2462530000,0,0,Nasdaq
2020-02-20,3380.449951,3389.149902,3341.02002,3373.22998,4007320000,0,0,S&P500
2020-02-20,29296.25,29368.44922,28959.65039,29219.98047,287780000,0,0,Dow Jones
2020-02-20,9799.200195,9820.860352,9636.94043,9750.969727,2735610000,0,0,Nasdaq
2020-02-21,3360.5,3360.76001,3328.449951,3337.75,3899270000,0,0,S&P500
2020-02-21,29146.5293,29146.5293,28892.69922,28992.41016,311210000,0,0,Dow Jones
2020-02-21,9708.009766,9715.950195,9542.330078,9576.589844,2743010000,0,0,Nasdaq
2020-02-24,3257.610107,3259.810059,3214.649902,3225.889893,4842960000,0,0,S&P500
2020-02-24,28402.92969,28402.92969,27912.43945,27960.80078,452580000,0,0,Dow Jones
2020-02-24,9188.44043,9322.879883,9166.009766,9221.280273,3177000000,0,0,Nasdaq
2020-02-25,3238.939941,3246.98999,3118.77002,3128.209961,5591510000,0,0,S&P500
2020-02-25,28037.65039,28149.19922,26997.61914,27081.35938,513270000,0,0,Dow Jones
2020-02-25,9301.200195,9315.259766,8940.490234,8965.610352,3583400000,0,0,Nasdaq
2020-02-26,3139.899902,3182.51001,3108.98999,3116.389893,5478110000,0,0,S&P500
2020-02-26,27159.46094,27542.7793,26890.9707,26957.58984,472450000,0,0,Dow Jones
2020-02-26,9011.549805,9148.320313,8927.799805,8980.780273,3567830000,0,0,Nasdaq
2020-02-27,3062.540039,3097.070068,2977.389893,2978.76001,7058840000,0,0,S&P500
2020-02-27,26526,26775.31055,25752.82031,25766.64063,664980000,0,0,Dow Jones
2020-02-27,8744.030273,8904.110352,8562.049805,8566.480469,4536080000,0,0,Nasdaq
2020-02-28,2916.899902,2959.719971,2855.840088,2954.219971,8563850000,0,0,S&P500
2020-02-28,25270.83008,25494.24023,24681.00977,25409.35938,915990000,0,0,Dow Jones
2020-02-28,8269.740234,8591.820313,8264.160156,8567.370117,5301170000,0,0,Nasdaq
2020-03-02,2974.280029,3090.959961,2945.189941,3090.22998,6376400000,0,0,S&P500
2020-03-02,25590.50977,26706.16992,25391.96094,26703.32031,637200000,0,0,Dow Jones
2020-03-02,8667.139648,8952.80957,8543.349609,8952.169922,4232760000,0,0,Nasdaq
2020-03-03,3096.459961,3136.719971,2976.629883,3003.370117,6355940000,0,0,S&P500
2020-03-03,26762.4707,27084.58984,25706.2793,25917.41016,647080000,0,0,Dow Jones
2020-03-03,8965.099609,9070.320313,8602.889648,8684.089844,4336700000,0,0,Nasdaq
2020-03-04,3045.75,3130.969971,3034.379883,3130.120117,5035480000,0,0,S&P500
2020-03-04,26383.67969,27102.33984,26286.31055,27090.85938,457590000,0,0,Dow Jones
2020-03-04,8834.099609,9019.959961,8757.660156,9018.089844,3602870000,0,0,Nasdaq
2020-03-05,3075.699951,3083.040039,2999.830078,3023.939941,5575550000,0,0,S&P500
2020-03-05,26671.91992,26671.91992,25943.33008,26121.2793,477370000,0,0,Dow Jones
2020-03-05,8790.089844,8921.080078,8677.389648,8738.589844,3748090000,0,0,Nasdaq
2020-03-06,2954.199951,2985.929932,2901.540039,2972.370117,6552140000,0,0,S&P500
2020-03-06,25457.21094,25994.38086,25226.61914,25864.7793,599780000,0,0,Dow Jones
2020-03-06,8469.019531,8612.360352,8375.129883,8575.620117,4279850000,0,0,Nasdaq
2020-03-09,2863.889893,2863.889893,2734.429932,2746.560059,8423050000,0,0,S&P500
2020-03-09,24992.35938,24992.35938,23706.07031,23851.01953,750430000,0,0,Dow Jones
2020-03-09,7957.930176,8243.30957,7943.160156,7950.680176,4530350000,0,0,Nasdaq
2020-03-10,2813.47998,2882.590088,2734,2882.22998,7635960000,0,0,S&P500
2020-03-10,24453,25020.99023,23690.33984,25018.16016,654860000,0,0,Dow Jones
2020-03-10,8219.759766,8347.400391,7930.430176,8344.25,4431930000,0,0,Nasdaq
2020-03-11,2825.600098,2825.600098,2707.219971,2741.379883,7374110000,0,0,S&P500
2020-03-11,24604.63086,24604.63086,23328.32031,23553.2207,663960000,0,0,Dow Jones
2020-03-11,8136.25,8181.359863,7850.950195,7952.049805,4273890000,0,0,Nasdaq
2020-03-12,2630.860107,2660.949951,2478.860107,2480.639893,8829380000,0,0,S&P500
2020-03-12,22184.71094,22837.94922,21154.46094,21200.61914,908260000,0,0,Dow Jones
2020-03-12,7398.580078,7712.330078,7194.669922,7201.799805,5066530000,0,0,Nasdaq
2020-03-13,2569.98999,2711.330078,2492.370117,2711.02002,8258670000,0,0,S&P500
2020-03-13,21973.82031,23189.75977,21285.36914,23185.61914,843080000,0,0,Dow Jones
2020-03-13,7610.390137,7875.930176,7219.089844,7874.879883,4685890000,0,0,Nasdaq
2020-03-16,2508.590088,2562.97998,2380.939941,2386.129883,7781540000,0,0,S&P500
2020-03-16,20917.5293,21768.2793,20116.46094,20188.51953,770130000,0,0,Dow Jones
2020-03-16,7392.72998,7422.200195,6882.859863,6904.589844,4594360000,0,0,Nasdaq
2020-03-17,2425.659912,2553.929932,2367.040039,2529.189941,8358500000,0,0,S&P500
2020-03-17,20487.05078,21379.34961,19882.25977,21237.38086,793060000,0,0,Dow Jones
2020-03-17,7072,7406.22998,6828.910156,7334.779785,4900000000,0,0,Nasdaq
2020-03-18,2436.5,2453.570068,2280.52002,2398.100098,8755780000,0,0,S&P500
2020-03-18,20188.68945,20489.33008,18917.46094,19898.91992,871360000,0,0,Dow Jones
2020-03-18,6902.319824,7182.830078,6686.359863,6989.839844,4890820000,0,0,Nasdaq
2020-03-19,2393.47998,2466.969971,2319.780029,2409.389893,7946710000,0,0,S&P500
2020-03-19,19830.00977,20442.63086,19177.13086,20087.18945,780300000,0,0,Dow Jones
2020-03-19,6996.450195,7341.379883,6858.379883,7150.580078,4762170000,0,0,Nasdaq
2020-03-20,2431.939941,2453.01001,2295.560059,2304.919922,9044690000,0,0,S&P500
2020-03-20,20253.15039,20531.25977,19094.26953,19173.98047,872290000,0,0,Dow Jones
2020-03-20,7248.069824,7354.439941,6854.669922,6879.52002,5239940000,0,0,Nasdaq
2020-03-23,2290.709961,2300.72998,2191.860107,2237.399902,7402180000,0,0,S&P500
2020-03-23,19028.35938,19121.00977,18213.65039,18591.92969,787970000,0,0,Dow Jones
2020-03-23,6847.279785,6984.939941,6631.419922,6860.669922,4330610000,0,0,Nasdaq
2020-03-24,2344.439941,2449.709961,2344.439941,2447.330078,7547350000,0,0,S&P500
2020-03-24,19722.18945,20737.69922,19649.25,20704.91016,799340000,0,0,Dow Jones
2020-03-24,7196.149902,7418.370117,7169.859863,7417.859863,4417380000,0,0,Nasdaq
2020-03-25,2457.77002,2571.419922,2407.530029,2475.560059,8285670000,0,0,S&P500
2020-03-25,21050.33984,22019.92969,20538.33984,21200.55078,796320000,0,0,Dow Jones
2020-03-25,7421.359863,7671.209961,7276.399902,7384.299805,4666440000,0,0,Nasdaq
2020-03-26,2501.290039,2637.01001,2500.719971,2630.070068,7753160000,0,0,S&P500
2020-03-26,21468.38086,22595.06055,21427.09961,22552.16992,705180000,0,0,Dow Jones
2020-03-26,7462.209961,7809.830078,7462.209961,7797.540039,3999850000,0,0,Nasdaq
2020-03-27,2555.870117,2615.909912,2520.02002,2541.469971,6194330000,0,0,S&P500
2020-03-27,21898.4707,22327.57031,21469.26953,21636.7793,588830000,0,0,Dow Jones
2020-03-27,7554.25,7716.240234,7491.140137,7502.379883,3977010000,0,0,Nasdaq
2020-03-30,2558.97998,2631.800049,2545.280029,2626.649902,5746220000,0,0,S&P500
2020-03-30,21678.2207,22378.08984,21522.08008,22327.48047,545540000,0,0,Dow Jones
2020-03-30,7583.459961,7784.350098,7539.970215,7774.149902,3846900000,0,0,Nasdaq
2020-03-31,2614.689941,2641.389893,2571.149902,2584.590088,6568290000,0,0,S&P500
2020-03-31,22208.41992,22480.36914,21852.08008,21917.16016,571210000,0,0,Dow Jones
2020-03-31,7740.060059,7880.310059,7642.859863,7700.100098,4059700000,0,0,Nasdaq
2020-04-01,2498.080078,2522.75,2447.48999,2470.5,5947900000,0,0,S&P500
2020-04-01,21227.38086,21487.24023,20784.42969,20943.50977,506680000,0,0,Dow Jones
2020-04-01,7459.5,7566.370117,7301.97998,7360.580078,3685510000,0,0,Nasdaq
2020-04-02,2458.540039,2533.219971,2455.790039,2526.899902,6454990000,0,0,S&P500
2020-04-02,20819.46094,21477.76953,20735.01953,21413.43945,529540000,0,0,Dow Jones
2020-04-02,7317.450195,7501.700195,7307.950195,7487.310059,3608190000,0,0,Nasdaq
2020-04-03,2514.919922,2538.179932,2459.959961,2488.649902,6087190000,0,0,S&P500
2020-04-03,21285.92969,21447.81055,20863.08984,21052.5293,450010000,0,0,Dow Jones
2020-04-03,7477.27002,7518.720215,7288.109863,7373.080078,3279100000,0,0,Nasdaq
2020-04-06,2578.280029,2676.850098,2574.570068,2663.679932,6391860000,0,0,S&P500
2020-04-06,21693.63086,22783.44922,21693.63086,22679.99023,610760000,0,0,Dow Jones
2020-04-06,7660.169922,7938.330078,7617.790039,7913.240234,3849100000,0,0,Nasdaq
2020-04-07,2738.649902,2756.889893,2657.669922,2659.409912,7040720000,0,0,S&P500
2020-04-07,23537.43945,23617.24023,22634.44922,22653.85938,594660000,0,0,Dow Jones
2020-04-07,8129.990234,8146.430176,7881.220215,7887.259766,4069410000,0,0,Nasdaq
2020-04-08,2685,2760.75,2663.300049,2749.97998,5856370000,0,0,S&P500
2020-04-08,22893.4707,23513.40039,22682.99023,23433.57031,472740000,0,0,Dow Jones
2020-04-08,7975.720215,8114.430176,7901.939941,8090.899902,3470730000,0,0,Nasdaq
2020-04-09,2776.98999,2818.570068,2762.360107,2789.820068,7880140000,0,0,S&P500
2020-04-09,23690.66016,24008.99023,23504.08984,23719.36914,566400000,0,0,Dow Jones
2020-04-09,8169.009766,8227.910156,8072.319824,8153.580078,4123670000,0,0,Nasdaq
2020-04-13,2782.459961,2782.459961,2721.169922,2761.629883,5274310000,0,0,S&P500
2020-04-13,23698.92969,23698.92969,23095.34961,23390.76953,394320000,0,0,Dow Jones
2020-04-13,8127.689941,8200.44043,8035.950195,8192.419922,3146860000,0,0,Nasdaq
2020-04-14,2805.100098,2851.850098,2805.100098,2846.060059,5567400000,0,0,S&P500
2020-04-14,23690.57031,24040.58008,23683.43945,23949.75977,485910000,0,0,Dow Jones
2020-04-14,8353.209961,8531.110352,8338.080078,8515.740234,3732820000,0,0,Nasdaq
2020-04-15,2795.639893,2801.879883,2761.540039,2783.360107,5203390000,0,0,S&P500
2020-04-15,23600.7207,23649.7207,23233.32031,23504.34961,437630000,0,0,Dow Jones
2020-04-15,8355.959961,8464.660156,8308.790039,8393.179688,3333750000,0,0,Nasdaq
2020-04-16,2799.340088,2806.51001,2764.320068,2799.550049,5179990000,0,0,S&P500
2020-04-16,23543.66016,23598.08008,23211.38086,23537.67969,471050000,0,0,Dow Jones
2020-04-16,8479.110352,8560.160156,8393.269531,8532.360352,3995870000,0,0,Nasdaq
2020-04-17,2842.429932,2879.219971,2830.879883,2874.560059,5792140000,0,0,S&P500
2020-04-17,23817.15039,24264.21094,23817.15039,24242.49023,525950000,0,0,Dow Jones
2020-04-17,8667.480469,8670.299805,8531.69043,8650.139648,4335020000,0,0,Nasdaq
2020-04-20,2845.620117,2868.97998,2820.429932,2823.159912,5220160000,0,0,S&P500
2020-04-20,24095.09961,24108.68945,23627.18945,23650.43945,423410000,0,0,Dow Jones
2020-04-20,8553.379883,8684.910156,8553.379883,8560.730469,3796950000,0,0,Nasdaq
2020-04-21,2784.810059,2785.540039,2727.100098,2736.560059,5075830000,0,0,S&P500
2020-04-21,23365.25,23365.25,22941.88086,23018.88086,485140000,0,0,Dow Jones
2020-04-21,8460.69043,8480.290039,8215.69043,8263.230469,3756290000,0,0,Nasdaq
2020-04-22,2787.889893,2815.100098,2775.949951,2799.310059,5049660000,0,0,S&P500
2020-04-22,23437.33984,23613.09961,23339.59961,23475.82031,352880000,0,0,Dow Jones
2020-04-22,8434.549805,8537.30957,8404.540039,8495.379883,3025060000,0,0,Nasdaq
2020-04-23,2810.419922,2844.899902,2794.26001,2797.800049,5756520000,0,0,S&P500
2020-04-23,23543.08984,23885.35938,23483.34961,23515.25977,389290000,0,0,Dow Jones
2020-04-23,8528.839844,8635.230469,8475.200195,8494.75,3734720000,0,0,Nasdaq
2020-04-24,2812.639893,2842.709961,2791.76001,2836.73999,5374480000,0,0,S&P500
2020-04-24,23628.24023,23826,23417.67969,23775.26953,376020000,0,0,Dow Jones
2020-04-24,8530.080078,8642.929688,8464.419922,8634.519531,3673170000,0,0,Nasdaq
2020-04-27,2854.649902,2887.719971,2852.889893,2878.47998,5194260000,0,0,S&P500
2020-04-27,23866.15039,24207.65039,23840.60938,24133.7793,389390000,0,0,Dow Jones
2020-04-27,8717.980469,8754.570313,8697.370117,8730.160156,3678460000,0,0,Nasdaq
2020-04-28,2909.959961,2921.149902,2860.709961,2863.389893,5672880000,0,0,S&P500
2020-04-28,24357.16992,24512.24023,24031.19922,24101.55078,400250000,0,0,Dow Jones
2020-04-28,8825.69043,8830.570313,8600.700195,8607.730469,3707540000,0,0,Nasdaq
2020-04-29,2918.459961,2954.860107,2912.159912,2939.51001,6620140000,0,0,S&P500
2020-04-29,24490.36914,24764.76953,24453.99023,24633.85938,455290000,0,0,Dow Jones
2020-04-29,8802.700195,8957.269531,8765.009766,8914.709961,4378540000,0,0,Nasdaq
2020-04-30,2930.909912,2930.909912,2892.469971,2912.429932,6523120000,0,0,S&P500
2020-04-30,24585.57031,24585.57031,24186.90039,24345.7207,487840000,0,0,Dow Jones
2020-04-30,8911.019531,8926.110352,8825.830078,8889.549805,4316380000,0,0,Nasdaq
2020-05-01,2869.090088,2869.090088,2821.610107,2830.709961,4753160000,0,0,S&P500
2020-05-01,24120.7793,24120.7793,23645.30078,23723.68945,418160000,0,0,Dow Jones
2020-05-01,8681.290039,8754.459961,8566.839844,8604.950195,3722520000,0,0,Nasdaq
2020-05-04,2815.01001,2844.23999,2797.850098,2842.73999,4723140000,0,0,S&P500
2020-05-04,23581.55078,23769.56055,23361.16016,23749.75977,355360000,0,0,Dow Jones
2020-05-04,8555.320313,8715.820313,8537.830078,8710.709961,3422150000,0,0,Nasdaq
2020-05-05,2868.879883,2898.22998,2863.550049,2868.439941,5129590000,0,0,S&P500
2020-05-05,23958.88086,24169.7207,23868.91016,23883.08984,369710000,0,0,Dow Jones
2020-05-05,8809.660156,8909.959961,8781.30957,8809.120117,3913360000,0,0,Nasdaq
2020-05-06,2883.139893,2891.110107,2847.649902,2848.419922,4861920000,0,0,S&P500
2020-05-06,23978.88086,24054.58984,23661.14063,23664.64063,377450000,0,0,Dow Jones
2020-05-06,8874.700195,8933.25,8819.370117,8854.389648,3620030000,0,0,Nasdaq
2020-05-07,2878.26001,2901.919922,2876.47998,2881.189941,5164640000,0,0,S&P500
2020-05-07,23837.21094,24094.61914,23834.39063,23875.89063,369890000,0,0,Dow Jones
2020-05-07,8973.780273,9015.990234,8932.860352,8979.660156,3762070000,0,0,Nasdaq
2020-05-08,2908.830078,2932.159912,2902.879883,2929.800049,4857160000,0,0,S&P500
2020-05-08,24107.82031,24349.90039,24107.05078,24331.32031,335760000,0,0,Dow Jones
2020-05-08,9056.889648,9125.980469,9018.209961,9121.320313,3777340000,0,0,Nasdaq
2020-05-11,2915.459961,2944.25,2903.439941,2930.189941,4807320000,0,0,S&P500
2020-05-11,24256.44922,24366.21094,24070.2207,24221.99023,352400000,0,0,Dow Jones
2020-05-11,9054.910156,9241.919922,9053.169922,9192.339844,3898690000,0,0,Nasdaq
2020-05-12,2939.5,2945.820068,2869.590088,2870.120117,5107710000,0,0,S&P500
2020-05-12,24292.83984,24382.08984,23761.58008,23764.7793,359480000,0,0,Dow Jones
2020-05-12,9225.150391,9250.959961,9000.070313,9002.549805,4315070000,0,0,Nasdaq
2020-05-13,2865.860107,2874.139893,2793.149902,2820,6143130000,0,0,S&P500
2020-05-13,23702.16016,23708.90039,23067.64063,23247.9707,469950000,0,0,Dow Jones
2020-05-13,9006.049805,9074.160156,8752.679688,8863.169922,4244110000,0,0,Nasdaq
2020-05-14,2794.540039,2852.800049,2766.639893,2852.5,5641920000,0,0,S&P500
2020-05-14,23049.06055,23630.85938,22789.61914,23625.33984,472700000,0,0,Dow Jones
2020-05-14,8788.040039,8945.709961,8705.25,8943.719727,3945080000,0,0,Nasdaq
2020-05-15,2829.949951,2865.01001,2816.780029,2863.699951,5477040000,0,0,S&P500
2020-05-15,23454.83008,23730.08008,23354.15039,23685.41992,491510000,0,0,Dow Jones
2020-05-15,8839.990234,9018.400391,8821.379883,9014.55957,4221500000,0,0,Nasdaq
2020-05-18,2913.860107,2968.090088,2913.860107,2953.909912,6364290000,0,0,S&P500
2020-05-18,24059.98047,24708.53906,24059.98047,24597.36914,484190000,0,0,Dow Jones
2020-05-18,9177.150391,9267.219727,9154.349609,9234.830078,4318310000,0,0,Nasdaq
2020-05-19,2948.590088,2964.209961,2922.350098,2922.939941,4969330000,0,0,S&P500
2020-05-19,24577.48047,24599.5,24202.96094,24206.85938,374100000,0,0,Dow Jones
2020-05-19,9227.459961,9317.25,9183.25,9185.099609,4144770000,0,0,Nasdaq
2020-05-20,2953.629883,2980.290039,2953.629883,2971.610107,4992970000,0,0,S&P500
2020-05-20,24455.93945,24649.48047,24455.93945,24575.90039,366510000,0,0,Dow Jones
2020-05-20,9305.620117,9392.820313,9304.200195,9375.780273,4292470000,0,0,Nasdaq
2020-05-21,2969.949951,2978.5,2938.570068,2948.51001,4966940000,0,0,S&P500
2020-05-21,24564.26953,24718.46094,24370.88086,24474.11914,346770000,0,0,Dow Jones
2020-05-21,9375.19043,9405.25,9254.849609,9284.879883,3725950000,0,0,Nasdaq
2020-05-22,2948.050049,2956.76001,2933.590088,2955.449951,3952800000,0,0,S&P500
2020-05-22,24461.98047,24481.64063,24294.07031,24465.16016,255660000,0,0,Dow Jones
2020-05-22,9278.549805,9328.280273,9239.410156,9324.589844,3641830000,0,0,Nasdaq
2020-05-26,3004.080078,3021.719971,2988.169922,2991.77002,5837060000,0,0,S&P500
2020-05-26,24781.83984,25176.41992,24781.83984,24995.10938,424380000,0,0,Dow Jones
2020-05-26,9501.209961,9501.209961,9333.160156,9340.219727,4432310000,0,0,Nasdaq
2020-05-27,3015.649902,3036.25,2969.75,3036.129883,6371230000,0,0,S&P500
2020-05-27,25298.63086,25551.56055,25009.86914,25548.26953,411230000,0,0,Dow Jones
2020-05-27,9346.120117,9414.620117,9144.280273,9412.360352,4462450000,0,0,Nasdaq
2020-05-28,3046.610107,3068.669922,3023.399902,3029.72998,5402670000,0,0,S&P500
2020-05-28,25697.35938,25758.78906,25358.73047,25400.64063,377800000,0,0,Dow Jones
2020-05-28,9392.990234,9523.639648,9345.280273,9368.990234,4064220000,0,0,Nasdaq
2020-05-29,3025.169922,3049.169922,2998.610107,3044.310059,7275080000,0,0,S&P500
2020-05-29,25324.15039,25482.80078,25031.66992,25383.10938,527620000,0,0,Dow Jones
2020-05-29,9382.349609,9505.549805,9324.730469,9489.870117,423570000,0,0,Nasdaq
2020-06-01,3038.780029,3062.179932,3031.540039,3055.72998,4673410000,0,0,S&P500
2020-06-01,25342.99023,25508.83008,25220.66016,25475.01953,338310000,0,0,Dow Jones
2020-06-01,9471.419922,9571.280273,9462.320313,9552.049805,3824770000,0,0,Nasdaq
2020-06-02,3064.780029,3081.070068,3051.639893,3080.820068,5187230000,0,0,S&P500
2020-06-02,25582.51953,25743.13086,25523.74023,25742.65039,352610000,0,0,Dow Jones
2020-06-02,9566.530273,9611.219727,9472.080078,9608.379883,3962460000,0,0,Nasdaq
2020-06-03,3098.899902,3130.939941,3098.899902,3122.870117,5989560000,0,0,S&P500
2020-06-03,25906.88086,26337.75,25906.88086,26269.89063,398790000,0,0,Dow Jones
2020-06-03,9651.860352,9707.780273,9627.169922,9682.910156,4638380000,0,0,Nasdaq
2020-06-04,3111.560059,3128.909912,3090.409912,3112.350098,6428130000,0,0,S&P500
2020-06-04,26226.49023,26384.09961,26082.31055,26281.82031,372190000,0,0,Dow Jones
2020-06-04,9649.650391,9716.139648,9560.410156,9615.80957,6074320000,0,0,Nasdaq
2020-06-05,3163.840088,3211.719971,3163.840088,3193.929932,8617590000,0,0,S&P500
2020-06-05,26836.80078,27338.30078,26836.80078,27110.98047,542310000,0,0,Dow Jones
2020-06-05,9703.540039,9845.69043,9685.349609,9814.080078,6572850000,0,0,Nasdaq
2020-06-08,3199.919922,3233.129883,3196,3232.389893,8437380000,0,0,S&P500
2020-06-08,27232.92969,27580.21094,27232.48047,27572.43945,430200000,0,0,Dow Jones
2020-06-08,9823.44043,9927.129883,9780.610352,9924.75,6143120000,0,0,Nasdaq
2020-06-09,3213.320068,3222.709961,3193.110107,3207.179932,6382620000,0,0,S&P500
2020-06-09,27447.36914,27447.36914,27151.06055,27272.30078,381430000,0,0,Dow Jones
2020-06-09,9867.19043,10002.5,9863.269531,9953.75,5281860000,0,0,Nasdaq
2020-06-10,3213.419922,3223.27002,3181.48999,3190.139893,6570840000,0,0,S&P500
2020-06-10,27251.89063,27355.2207,26938.05078,26989.99023,448930000,0,0,Dow Jones
2020-06-10,10012.32031,10086.88965,9962.580078,10020.34961,5128400000,0,0,Nasdaq
2020-06-11,3123.530029,3123.530029,2999.48999,3002.100098,7018890000,0,0,S&P500
2020-06-11,26282.50977,26294.08008,25082.7207,25128.16992,647780000,0,0,Dow Jones
2020-06-11,9791.240234,9868.080078,9491.30957,9492.730469,5271000000,0,0,Nasdaq
2020-06-12,3071.040039,3088.419922,2984.469971,3041.310059,5832250000,0,0,S&P500
2020-06-12,25659.41992,25965.55078,25078.41016,25605.53906,514440000,0,0,Dow Jones
2020-06-12,9715.870117,9768.639648,9413.620117,9588.80957,4366190000,0,0,Nasdaq
2020-06-15,2993.76001,3079.76001,2965.659912,3066.590088,5740660000,0,0,S&P500
2020-06-15,25270.39063,25891.58008,24843.17969,25763.16016,461230000,0,0,Dow Jones
2020-06-15,9426.900391,9756.070313,9403,9726.019531,4440650000,0,0,Nasdaq
2020-06-16,3131,3153.449951,3076.060059,3124.73999,5829240000,0,0,S&P500
2020-06-16,26326.67969,26611.0293,25811.69922,26289.98047,489500000,0,0,Dow Jones
2020-06-16,9949.780273,9963.629883,9748.379883,9895.870117,4639860000,0,0,Nasdaq
2020-06-17,3136.129883,3141.159912,3108.030029,3113.48999,4549390000,0,0,S&P500
2020-06-17,26330.51953,26400.07031,26068.41016,26119.60938,328830000,0,0,Dow Jones
2020-06-17,9943.30957,9991.209961,9891.80957,9910.530273,4249680000,0,0,Nasdaq
2020-06-18,3101.639893,3120,3093.51001,3115.340088,4429030000,0,0,S&P500
2020-06-18,26016.44922,26154.19922,25848.5293,26080.09961,328390000,0,0,Dow Jones
2020-06-18,9892.480469,9959.200195,9885.660156,9943.049805,4294740000,0,0,Nasdaq
2020-06-19,3140.290039,3155.530029,3083.110107,3097.73999,8327780000,0,0,S&P500
2020-06-19,26213.09961,26451.43945,25759.66016,25871.46094,669390000,0,0,Dow Jones
2020-06-19,10042.12988,10053.91016,9872.94043,9946.120117,6068130000,0,0,Nasdaq
2020-06-22,3094.419922,3120.919922,3079.389893,3117.860107,4665380000,0,0,S&P500
2020-06-22,25865.08008,26059.81055,25667.67969,26024.96094,351780000,0,0,Dow Jones
2020-06-22,9945.490234,10059.61035,9916.599609,10056.48047,4468000000,0,0,Nasdaq
2020-06-23,3138.699951,3154.899902,3127.120117,3131.290039,4704830000,0,0,S&P500
2020-06-23,26159.39063,26314.9707,26105.9707,26156.09961,389980000,0,0,Dow Jones
2020-06-23,10130.83008,10221.84961,10112.44043,10131.37012,5712450000,0,0,Nasdaq
2020-06-24,3114.399902,3115.01001,3032.129883,3050.330078,5587200000,0,0,S&P500
2020-06-24,25992.96094,25992.96094,25296.73047,25445.93945,450120000,0,0,Dow Jones
2020-06-24,10092.91992,10137.5,9842.219727,9909.169922,5549440000,0,0,Nasdaq
2020-06-25,3046.600098,3086.25,3024.01001,3083.76001,4815420000,0,0,S&P500
2020-06-25,25365.2207,25769.60938,25209.78906,25745.59961,384560000,0,0,Dow Jones
2020-06-25,9899.360352,10023.28027,9810.469727,10017,4709620000,0,0,Nasdaq
2020-06-26,3073.199951,3073.72998,3004.629883,3009.050049,8098120000,0,0,S&P500
2020-06-26,25641.68945,25641.68945,24971.0293,25015.55078,640860000,0,0,Dow Jones
2020-06-26,9995.120117,10000.66992,9749.070313,9757.219727,7279230000,0,0,Nasdaq
2020-06-29,3018.590088,3053.889893,2999.73999,3053.23999,4462770000,0,0,S&P500
2020-06-29,25152.44922,25601.15039,25096.16016,25595.80078,378070000,0,0,Dow Jones
2020-06-29,9771.719727,9877.339844,9663.610352,9874.150391,4306120000,0,0,Nasdaq
2020-06-30,3050.199951,3111.51001,3047.830078,3100.290039,4696280000,0,0,S&P500
2020-06-30,25512.42969,25905.38086,25475.14063,25812.88086,410780000,0,0,Dow Jones
2020-06-30,9875.290039,10085.58984,9863.669922,10058.76953,4474000000,0,0,Nasdaq
2020-07-01,3105.919922,3128.439941,3101.169922,3115.860107,4443130000,0,0,S&P500
2020-07-01,25879.38086,26019.31055,25713.60938,25734.9707,373180000,0,0,Dow Jones
2020-07-01,10063.66992,10197.19043,10048.04004,10154.62988,4595970000,0,0,Nasdaq
2020-07-02,3143.639893,3165.810059,3124.52002,3130.01001,4190830000,0,0,S&P500
2020-07-02,25936.44922,26204.41016,25778.11914,25827.35938,349130000,0,0,Dow Jones
2020-07-02,10268.66992,10310.36035,10194.05957,10207.62988,4017530000,0,0,Nasdaq
2020-07-06,3155.290039,3182.590088,3155.290039,3179.719971,4736450000,0,0,S&P500
2020-07-06,25996.08008,26297.5293,25996.08008,26287.0293,340690000,0,0,Dow Jones
2020-07-06,10360.37988,10462.0498,10354.98047,10433.65039,4529480000,0,0,Nasdaq
2020-07-07,3166.439941,3184.149902,3142.929932,3145.320068,4563700000,0,0,S&P500
2020-07-07,26172.00977,26174.92969,25866.58008,25890.17969,346820000,0,0,Dow Jones
2020-07-07,10412.45996,10518.98047,10337.98047,10343.88965,4314110000,0,0,Nasdaq
2020-07-08,3153.070068,3171.800049,3136.530029,3169.939941,4927700000,0,0,S&P500
2020-07-08,25950.06055,26109.49023,25816.25,26067.2793,337300000,0,0,Dow Jones
2020-07-08,10409.34961,10494.62988,10350.95996,10492.5,3999180000,0,0,Nasdaq
2020-07-09,3176.169922,3179.780029,3115.699951,3152.050049,4829020000,0,0,S&P500
2020-07-09,26094.91992,26103.2793,25523.50977,25706.08984,387610000,0,0,Dow Jones
2020-07-09,10563.71973,10578.09961,10379.91016,10547.75,3992920000,0,0,Nasdaq
2020-07-10,3152.469971,3186.820068,3136.219971,3185.040039,4515340000,0,0,S&P500
2020-07-10,25690.34961,26101.32031,25637.5,26075.30078,338170000,0,0,Dow Jones
2020-07-10,10545.91016,10622.34961,10447.00977,10617.44043,3509810000,0,0,Nasdaq
2020-07-13,3205.080078,3235.320068,3149.429932,3155.219971,4890780000,0,0,S&P500
2020-07-13,26225.07031,26639.08984,26044.23047,26085.80078,425320000,0,0,Dow Jones
2020-07-13,10729.91992,10824.78027,10368.04004,10390.83984,4822050000,0,0,Nasdaq
2020-07-14,3141.110107,3200.949951,3127.659912,3197.52002,4476170000,0,0,S&P500
2020-07-14,26044.16992,26690.51953,25994.98047,26642.58984,401640000,0,0,Dow Jones
2020-07-14,10310.25,10497.83008,10182.45996,10488.58008,4419480000,0,0,Nasdaq
2020-07-15,3225.97998,3238.280029,3200.76001,3226.560059,4669760000,0,0,S&P500
2020-07-15,27009.81055,27071.33008,26692.48047,26870.09961,384900000,0,0,Dow Jones
2020-07-15,10576.71973,10604.66992,10420.54004,10550.49023,4610540000,0,0,Nasdaq
2020-07-16,3208.360107,3220.389893,3198.590088,3215.570068,3961230000,0,0,S&P500
2020-07-16,26746.57031,26879.16016,26590.00977,26734.71094,287330000,0,0,Dow Jones
2020-07-16,10443.87012,10499.79004,10364.38965,10473.83008,4237290000,0,0,Nasdaq
2020-07-17,3224.209961,3233.52002,3205.649902,3224.72998,3993830000,0,0,S&P500
2020-07-17,26774.61914,26808.42969,26619.88086,26671.94922,296460000,0,0,Dow Jones
2020-07-17,10500.51953,10532.62012,10421.20996,10503.19043,4334280000,0,0,Nasdaq
2020-07-20,3224.290039,3258.610107,3215.159912,3251.840088,3971200000,0,0,S&P500
2020-07-20,26660.28906,26765.01953,26504.19922,26680.86914,309390000,0,0,Dow Jones
2020-07-20,10526.01953,10783.7998,10488.04004,10767.08984,4274340000,0,0,Nasdaq
2020-07-21,3268.52002,3277.290039,3247.77002,3257.300049,4547960000,0,0,S&P500
2020-07-21,26833.14063,27025.38086,26766.2207,26840.40039,364930000,0,0,Dow Jones
2020-07-21,10837.87988,10839.92969,10650.45996,10680.36035,5311750000,0,0,Nasdaq
2020-07-22,3254.860107,3279.320068,3253.100098,3276.02002,4255190000,0,0,S&P500
2020-07-22,26824.56055,27035.24023,26794.18945,27005.83984,404340000,0,0,Dow Jones
2020-07-22,10687.58008,10745.32031,10627.4502,10706.12988,4074020000,0,0,Nasdaq
2020-07-23,3271.639893,3279.98999,3222.659912,3235.659912,4290460000,0,0,S&P500
2020-07-23,26955.9707,26973.84961,26560.03906,26652.33008,419800000,0,0,Dow Jones
2020-07-23,10689.5,10728.12012,10407.87012,10461.41992,4469470000,0,0,Nasdaq
2020-07-24,3218.580078,3227.26001,3200.050049,3215.629883,3894900000,0,0,S&P500
2020-07-24,26533.41016,26625.69922,26402.85938,26469.89063,494170000,0,0,Dow Jones
2020-07-24,10294.41016,10418.75,10217.30957,10363.17969,4205330000,0,0,Nasdaq
2020-07-27,3219.840088,3241.429932,3214.25,3239.409912,3963910000,0,0,S&P500
2020-07-27,26447.66992,26625.46094,26426.91992,26584.76953,400930000,0,0,Dow Jones
2020-07-27,10421.7002,10546.44043,10399.86035,10536.26953,4209900000,0,0,Nasdaq
2020-07-28,3234.27002,3243.719971,3216.169922,3218.439941,4027890000,0,0,S&P500
2020-07-28,26529.44922,26556.83984,26361.71094,26379.2793,361090000,0,0,Dow Jones
2020-07-28,10509.2002,10523.63965,10397.87012,10402.08984,3869230000,0,0,Nasdaq
2020-07-29,3227.219971,3264.73999,3227.219971,3258.439941,4676300000,0,0,S&P500
2020-07-29,26388.43945,26602.44922,26375.39063,26539.57031,347580000,0,0,Dow Jones
2020-07-29,10474.7002,10567.91016,10464,10542.94043,3970900000,0,0,Nasdaq
2020-07-30,3231.76001,3250.919922,3204.129883,3246.219971,4254010000,0,0,S&P500
2020-07-30,26367.41992,26374.92969,25992.2793,26313.65039,351540000,0,0,Dow Jones
2020-07-30,10450.12012,10609.58984,10412.08984,10587.80957,4135200000,0,0,Nasdaq
2020-07-31,3270.449951,3272.169922,3220.26001,3271.120117,5117260000,0,0,S&P500
2020-07-31,26409.33008,26440.01953,26013.58984,26428.32031,488050000,0,0,Dow Jones
2020-07-31,10741.46973,10747.7998,10557.7002,10745.26953,4418390000,0,0,Nasdaq
2020-08-03,3288.26001,3302.72998,3284.530029,3294.610107,4643640000,0,0,S&P500
2020-08-03,26542.32031,26707.25977,26534.38086,26664.40039,439380000,0,0,Dow Jones
2020-08-03,10848.63965,10927.55957,10831.15039,10902.7998,4173600000,0,0,Nasdaq
2020-08-04,3289.919922,3306.840088,3286.370117,3306.51001,4621670000,0,0,S&P500
2020-08-04,26664.60938,26832.7207,26597.82031,26828.4707,346350000,0,0,Dow Jones
2020-08-04,10897.88965,10941.91016,10852.90039,10941.16992,3973570000,0,0,Nasdaq
2020-08-05,3317.370117,3330.77002,3317.370117,3327.77002,4732220000,0,0,S&P500
2020-08-05,26924.7793,27221.66992,26924.7793,27201.51953,366000000,0,0,Dow Jones
2020-08-05,10967.87012,11002.11035,10943.71973,10998.40039,4119550000,0,0,Nasdaq
2020-08-06,3323.169922,3351.030029,3318.139893,3349.159912,4267490000,0,0,S&P500
2020-08-06,27170.82031,27394.09961,27145.25,27386.98047,322460000,0,0,Dow Jones
2020-08-06,10989.98047,11121.19043,10963.41016,11108.07031,4086290000,0,0,Nasdaq
2020-08-07,3340.050049,3352.540039,3328.719971,3351.280029,4104860000,0,0,S&P500
2020-08-07,27321.67969,27456.24023,27223.55078,27433.48047,321170000,0,0,Dow Jones
2020-08-07,11072.53027,11126.04004,10920.37012,11010.98047,4230720000,0,0,Nasdaq
2020-08-10,3356.040039,3363.290039,3335.439941,3360.469971,4318570000,0,0,S&P500
2020-08-10,27488.21094,27803.85938,27488.21094,27791.43945,360340000,0,0,Dow Jones
2020-08-10,11033.73047,11040.24023,10849.45996,10968.36035,4018530000,0,0,Nasdaq
2020-08-11,3370.340088,3381.01001,3326.439941,3333.689941,5087650000,0,0,S&P500
2020-08-11,27961.64063,28154.88086,27624.50977,27686.91016,428220000,0,0,Dow Jones
2020-08-11,10942.66016,10989.41992,10762.70996,10782.82031,4303980000,0,0,Nasdaq
2020-08-12,3355.459961,3387.889893,3355.459961,3380.350098,3768560000,0,0,S&P500
2020-08-12,27860.24023,28043.89063,27843.32031,27976.83984,340210000,0,0,Dow Jones
2020-08-12,10878.12012,11036.71973,10877.16016,11012.24023,3716840000,0,0,Nasdaq
2020-08-13,3372.949951,3387.23999,3363.350098,3373.429932,3648810000,0,0,S&P500
2020-08-13,27922.50977,27986.09961,27789.7793,27896.7207,360160000,0,0,Dow Jones
2020-08-13,11026.86035,11124.84961,11007.5,11042.5,3444140000,0,0,Nasdaq
2020-08-14,3368.659912,3378.51001,3361.639893,3372.850098,3193400000,0,0,S&P500
2020-08-14,27828.92969,27977.81055,27759.39063,27931.01953,275540000,0,0,Dow Jones
2020-08-14,11042.24023,11058.44043,10972.05957,11019.2998,3491320000,0,0,Nasdaq
2020-08-17,3380.860107,3387.590088,3379.219971,3381.98999,3671290000,0,0,S&P500
2020-08-17,27970.05078,27999.81055,27816.40039,27844.91016,286860000,0,0,Dow Jones
2020-08-17,11083.25,11144.53027,11080.2998,11129.73047,3193160000,0,0,Nasdaq
2020-08-18,3387.040039,3395.060059,3370.149902,3389.780029,3881310000,0,0,S&P500
2020-08-18,27853.48047,27891.11914,27668.78906,27778.07031,276170000,0,0,Dow Jones
2020-08-18,11170.75,11230.62012,11103.83008,11210.83984,3199470000,0,0,Nasdaq
2020-08-19,3392.51001,3399.540039,3369.659912,3374.850098,3884480000,0,0,S&P500
2020-08-19,27811.25977,27920.41992,27647.66992,27692.88086,311460000,0,0,Dow Jones
2020-08-19,11214.7998,11257.41992,11132.09961,11146.45996,3467890000,0,0,Nasdaq
2020-08-20,3360.47998,3390.800049,3354.689941,3385.51001,3642850000,0,0,S&P500
2020-08-20,27622.67969,27781.46094,27526.25,27739.73047,304550000,0,0,Dow Jones
2020-08-20,11096.40039,11283.62012,11090.03027,11264.9502,4170980000,0,0,Nasdaq
2020-08-21,3386.01001,3399.959961,3379.310059,3397.159912,3705420000,0,0,S&P500
2020-08-21,27758.13086,27959.48047,27686.7793,27930.33008,372720000,0,0,Dow Jones
2020-08-21,11258.44043,11326.20996,11245.44043,11311.7998,3905670000,0,0,Nasdaq
2020-08-24,3418.090088,3432.090088,3413.129883,3431.280029,3728690000,0,0,S&P500
2020-08-24,28077.58008,28314.93945,28041.75,28308.46094,383880000,0,0,Dow Jones
2020-08-24,11449.25,11462.0498,11297.53027,11379.71973,3885880000,0,0,Nasdaq
2020-08-25,3435.949951,3444.209961,3425.840088,3443.620117,3619300000,0,0,S&P500
2020-08-25,28347.41992,28400.74023,28094.57031,28248.43945,338420000,0,0,Dow Jones
2020-08-25,11370.23047,11468.25977,11343.04004,11466.46973,3454500000,0,0,Nasdaq
2020-08-26,3449.969971,3481.070068,3444.149902,3478.72998,3754360000,0,0,S&P500
2020-08-26,28257.88086,28353.80078,28153.91016,28331.91992,327070000,0,0,Dow Jones
2020-08-26,11516.62012,11672.0498,11507.45996,11665.05957,3441550000,0,0,Nasdaq
2020-08-27,3485.139893,3501.379883,3468.350098,3484.550049,3929560000,0,0,S&P500
2020-08-27,28384.07031,28634.2207,28363.92969,28492.26953,404340000,0,0,Dow Jones
2020-08-27,11688.19043,11730.00977,11551.00977,11625.33984,3535800000,0,0,Nasdaq
2020-08-28,3494.689941,3509.22998,3484.320068,3508.01001,3855880000,0,0,S&P500
2020-08-28,28601.28906,28733.34961,28487.98047,28653.86914,369740000,0,0,Dow Jones
2020-08-28,11689.28027,11708.76953,11634.76953,11695.62988,2997810000,0,0,Nasdaq
2020-08-31,3509.72998,3514.77002,3493.25,3500.310059,4342290000,0,0,S&P500
2020-08-31,28643.66016,28643.66016,28363.55078,28430.05078,517320000,0,0,Dow Jones
2020-08-31,11718.80957,11829.83984,11697.41992,11775.45996,3596980000,0,0,Nasdaq
2020-09-01,3507.439941,3528.030029,3494.600098,3526.649902,4083110000,0,0,S&P500
2020-09-01,28439.60938,28659.25977,28290.7207,28645.66016,423410000,0,0,Dow Jones
2020-09-01,11850.95996,11945.71973,11794.78027,11939.66992,3480780000,0,0,Nasdaq
2020-09-02,3543.76001,3588.110107,3535.22998,3580.840088,4285190000,0,0,S&P500
2020-09-02,28736.78906,29162.88086,28713.5293,29100.5,539510000,0,0,Dow Jones
2020-09-02,12047.25977,12074.05957,11836.17969,12056.44043,3966140000,0,0,Nasdaq
2020-09-03,3564.73999,3564.850098,3427.409912,3455.060059,4898680000,0,0,S&P500
2020-09-03,29090.69922,29199.34961,28074.75977,28292.73047,650080000,0,0,Dow Jones
2020-09-03,11861.90039,11894.40039,11361.36035,11458.09961,4437500000,0,0,Nasdaq
2020-09-04,3453.600098,3479.149902,3349.629883,3426.959961,4431440000,0,0,S&P500
2020-09-04,28341.05078,28539.75,27664.67969,28133.31055,694640000,0,0,Dow Jones
2020-09-04,11396.24023,11531.17969,10875.87012,11313.12988,4269190000,0,0,Nasdaq
2020-09-08,3371.879883,3379.969971,3329.27002,3331.840088,4665600000,0,0,S&P500
2020-09-08,27925.23047,27925.23047,27464.90039,27500.89063,580860000,0,0,Dow Jones
2020-09-08,10900.7002,11131.5,10837.2002,10847.69043,3872230000,0,0,Nasdaq
2020-09-09,3369.820068,3424.77002,3366.840088,3398.959961,3920830000,0,0,S&P500
2020-09-09,27711.71094,28206.21094,27704.53906,27940.4707,460590000,0,0,Dow Jones
2020-09-09,11064.75977,11217.69043,10970.4502,11141.55957,3531780000,0,0,Nasdaq
2020-09-10,3412.560059,3425.550049,3329.25,3339.189941,4192250000,0,0,S&P500
2020-09-10,28022.50977,28174.7793,27447.08008,27534.58008,442850000,0,0,Dow Jones
2020-09-10,11235.53027,11299.53027,10875.01953,10919.58984,3814100000,0,0,Nasdaq
2020-09-11,3352.699951,3368.949951,3310.469971,3340.969971,3704450000,0,0,S&P500
2020-09-11,27613.85938,27828.82031,27448.15039,27665.64063,435330000,0,0,Dow Jones
2020-09-11,11010.07031,11033.04004,10728.03027,10853.5498,3609190000,0,0,Nasdaq
2020-09-14,3363.560059,3402.929932,3363.560059,3383.540039,3832130000,0,0,S&P500
2020-09-14,27718.74023,28086.06055,27718.74023,27993.33008,380750000,0,0,Dow Jones
2020-09-14,11010.13965,11118.29004,10982.25977,11056.65039,3716820000,0,0,Nasdaq
2020-09-15,3407.72998,3419.47998,3389.25,3401.199951,4051460000,0,0,S&P500
2020-09-15,28139.75977,28231.06055,27931.44922,27995.59961,414520000,0,0,Dow Jones
2020-09-15,11193.95996,11244.45996,11127.98047,11190.32031,3772820000,0,0,Nasdaq
2020-09-16,3411.22998,3428.919922,3384.449951,3385.48999,4710030000,0,0,S&P500
2020-09-16,28031.68945,28364.76953,28021.66992,28032.38086,416650000,0,0,Dow Jones
2020-09-16,11222.08008,11245.41992,11046.42969,11050.46973,3661710000,0,0,Nasdaq
2020-09-17,3346.860107,3375.169922,3328.820068,3357.01001,4371940000,0,0,S&P500
2020-09-17,27834.17969,28056.78906,27647.92969,27901.98047,437230000,0,0,Dow Jones
2020-09-17,10796.0498,10974.4502,10783.80957,10910.28027,3726750000,0,0,Nasdaq
2020-09-18,3357.379883,3362.27002,3292.399902,3319.469971,7068700000,0,0,S&P500
2020-09-18,27864.86914,27946.68945,27487.9707,27657.41992,698710000,0,0,Dow Jones
2020-09-18,10973.4502,10977.67969,10639.9502,10793.28027,5745690000,0,0,Nasdaq
2020-09-21,3285.570068,3285.570068,3229.100098,3281.060059,4828350000,0,0,S&P500
2020-09-21,27484.71094,27484.71094,26715.15039,27147.69922,523660000,0,0,Dow Jones
2020-09-21,10610.13965,10782.74023,10519.49023,10778.7998,3885200000,0,0,Nasdaq
2020-09-22,3295.75,3320.310059,3270.949951,3315.570068,3963300000,0,0,S&P500
2020-09-22,27170.33984,27333.08984,26989.92969,27288.17969,420720000,0,0,Dow Jones
2020-09-22,10873.2998,10979.65039,10737.51953,10963.63965,3492020000,0,0,Nasdaq
2020-09-23,3320.110107,3323.350098,3232.570068,3236.919922,4364500000,0,0,S&P500
2020-09-23,27413.59961,27464.46094,26716.11914,26763.13086,459470000,0,0,Dow Jones
2020-09-23,10950.82031,10962.03027,10612.91016,10632.99023,4074600000,0,0,Nasdaq
2020-09-24,3226.139893,3278.699951,3209.449951,3246.590088,4599470000,0,0,S&P500
2020-09-24,26716.08984,27094.84961,26537.00977,26815.43945,447810000,0,0,Dow Jones
2020-09-24,10551.01953,10799.5498,10520.21973,10672.26953,4080730000,0,0,Nasdaq
2020-09-25,3236.659912,3306.879883,3228.439941,3298.459961,3792220000,0,0,S&P500
2020-09-25,26694.50977,27239.28906,26635.38086,27173.96094,388900000,0,0,Dow Jones
2020-09-25,10680.45996,10939.5498,10639.98047,10913.55957,3767230000,0,0,Nasdaq
2020-09-28,3333.899902,3360.73999,3332.909912,3351.600098,3946060000,0,0,S&P500
2020-09-28,27362.14063,27722.59961,27362.14063,27584.06055,401860000,0,0,Dow Jones
2020-09-28,11084.37988,11120.79004,11019.13965,11117.53027,3562900000,0,0,Nasdaq
2020-09-29,3350.919922,3357.919922,3327.540039,3335.469971,3651880000,0,0,S&P500
2020-09-29,27560.24023,27605.59961,27338.08984,27452.66016,303820000,0,0,Dow Jones
2020-09-29,11109,11153.23047,11065.62988,11085.25,3363870000,0,0,Nasdaq
2020-09-30,3341.209961,3393.560059,3340.469971,3363,4722530000,0,0,S&P500
2020-09-30,27514.64063,28026.33008,27511.06055,27781.69922,452550000,0,0,Dow Jones
2020-09-30,11092.90039,11277.95996,11092.90039,11167.50977,4228200000,0,0,Nasdaq
2020-10-01,3385.870117,3397.179932,3361.389893,3380.800049,4070530000,0,0,S&P500
2020-10-01,27940.63086,28041.46094,27669.25977,27816.90039,373450000,0,0,Dow Jones
2020-10-01,11291.99023,11344.12988,11240.53027,11326.50977,3978100000,0,0,Nasdaq
2020-10-02,3338.939941,3369.100098,3323.689941,3348.419922,3961550000,0,0,S&P500
2020-10-02,27536.39063,27861.42969,27382.93945,27682.81055,392770000,0,0,Dow Jones
2020-10-02,11082.53027,11244.87012,11033.69043,11075.01953,3715090000,0,0,Nasdaq
2020-10-05,3367.27002,3409.570068,3367.27002,3408.600098,3686920000,0,0,S&P500
2020-10-05,27825.41992,28162.64063,27825.41992,28148.64063,318210000,0,0,Dow Jones
2020-10-05,11169.11035,11335.20996,11162.51953,11332.49023,3597940000,0,0,Nasdaq
2020-10-06,3408.73999,3431.560059,3354.540039,3360.969971,4443380000,0,0,S&P500
2020-10-06,28214.24023,28354.48047,27728.0293,27772.75977,435030000,0,0,Dow Jones
2020-10-06,11314.53027,11392.41016,11124.4502,11154.59961,4360550000,0,0,Nasdaq
2020-10-07,3384.560059,3426.26001,3384.560059,3419.439941,3807830000,0,0,S&P500
2020-10-07,27971.35938,28369.66016,27971.35938,28303.46094,328750000,0,0,Dow Jones
2020-10-07,11271.67969,11380.55957,11258.34961,11364.59961,3891460000,0,0,Nasdaq
2020-10-08,3434.280029,3447.280029,3428.149902,3446.830078,3856190000,0,0,S&P500
2020-10-08,28348.85938,28459.13086,28265.56055,28425.50977,314750000,0,0,Dow Jones
2020-10-08,11443.34961,11448.23047,11384.33008,11420.98047,3486530000,0,0,Nasdaq
2020-10-09,3459.669922,3482.340088,3458.070068,3477.139893,3939060000,0,0,S&P500
2020-10-09,28533.60938,28676.28906,28440.63086,28586.90039,324050000,0,0,Dow Jones
2020-10-09,11487.59961,11581.23047,11476.66016,11579.94043,3475620000,0,0,Nasdaq
2020-10-12,3500.02002,3549.850098,3499.610107,3534.219971,3428970000,0,0,S&P500
2020-10-12,28671.11914,28957.90039,28659.66992,28837.51953,493680000,0,0,Dow Jones
2020-10-12,11732.33008,11965.54004,11704.12988,11876.25977,3862990000,0,0,Nasdaq
2020-10-13,3534.01001,3534.01001,3500.860107,3511.929932,3605150000,0,0,S&P500
2020-10-13,28764.94922,28808.83984,28604.34961,28679.81055,526110000,0,0,Dow Jones
2020-10-13,11901.75977,11946.98047,11821.83008,11863.90039,3607730000,0,0,Nasdaq
2020-10-14,3515.469971,3527.939941,3480.550049,3488.669922,3840630000,0,0,S&P500
2020-10-14,28731.30078,28792.56055,28461.73047,28514,370800000,0,0,Dow Jones
2020-10-14,11889.07031,11939.91992,11714.34961,11768.73047,3393010000,0,0,Nasdaq
2020-10-15,3453.719971,3489.080078,3440.889893,3483.340088,3717640000,0,0,S&P500
2020-10-15,28323.40039,28535.84961,28181.53906,28494.19922,328940000,0,0,Dow Jones
2020-10-15,11559.87988,11740.67969,11559.09961,11713.87012,3304490000,0,0,Nasdaq
2020-10-16,3493.5,3515.76001,3480.449951,3483.810059,4675890000,0,0,S&P500
2020-10-16,28570.7207,28842.90039,28570.7207,28606.31055,356140000,0,0,Dow Jones
2020-10-16,11761.83008,11827.41992,11648.53027,11671.55957,3156270000,0,0,Nasdaq
2020-10-19,3493.659912,3502.419922,3419.929932,3426.919922,4086200000,0,0,S&P500
2020-10-19,28633.55078,28711.92969,28139.40039,28195.41992,358700000,0,0,Dow Jones
2020-10-19,11732.33984,11778.11035,11454.57031,11478.87988,3455430000,0,0,Nasdaq
2020-10-20,3439.379883,3476.929932,3435.649902,3443.120117,3901260000,0,0,S&P500
2020-10-20,28245.84961,28575.0293,28243.03906,28308.78906,350220000,0,0,Dow Jones
2020-10-20,11531.83008,11632.88965,11471.23047,11516.49023,3483200000,0,0,Nasdaq
2020-10-21,3439.909912,3464.860107,3433.060059,3435.560059,4097750000,0,0,S&P500
2020-10-21,28270.66016,28450.64063,28196.39063,28210.82031,299420000,0,0,Dow Jones
2020-10-21,11530.38965,11613.79004,11476.08008,11484.69043,3445520000,0,0,Nasdaq
2020-10-22,3438.5,3460.530029,3415.340088,3453.48999,4163630000,0,0,S&P500
2020-10-22,28197.41992,28421.31055,28040.17969,28363.66016,330320000,0,0,Dow Jones
2020-10-22,11526.96973,11548.76953,11369.29004,11506.00977,3414590000,0,0,Nasdaq
2020-10-23,3464.899902,3466.459961,3440.449951,3465.389893,3646570000,0,0,S&P500
2020-10-23,28409.65039,28436.51953,28149.82031,28335.57031,347300000,0,0,Dow Jones
2020-10-23,11536.00977,11548.84961,11434.86035,11548.28027,3134240000,0,0,Nasdaq
2020-10-26,3441.419922,3441.419922,3364.860107,3400.969971,3988080000,0,0,S&P500
2020-10-26,28185.82031,28185.82031,27370.16016,27685.38086,404150000,0,0,Dow Jones
2020-10-26,11440.63965,11545.62988,11221.05957,11358.94043,3186950000,0,0,Nasdaq
2020-10-27,3403.149902,3409.51001,3388.709961,3390.679932,3946990000,0,0,S&P500
2020-10-27,27651.17969,27707.68945,27457.96094,27463.18945,366400000,0,0,Dow Jones
2020-10-27,11409.33984,11465.05957,11361.86035,11431.34961,3079530000,0,0,Nasdaq
2020-10-28,3342.47998,3342.47998,3268.889893,3271.030029,5129860000,0,0,S&P500
2020-10-28,27102.14063,27102.14063,26497.39063,26519.94922,496150000,0,0,Dow Jones
2020-10-28,11230.90039,11249.9502,10999.07031,11004.87012,3912580000,0,0,Nasdaq
2020-10-29,3277.169922,3341.050049,3259.820068,3310.110107,4903070000,0,0,S&P500
2020-10-29,26480.98047,26891.89063,26290.7793,26659.10938,419770000,0,0,Dow Jones
2020-10-29,11064.46973,11287.62988,11030.19043,11185.58984,3222460000,0,0,Nasdaq
2020-10-30,3293.590088,3304.929932,3233.939941,3269.959961,4840450000,0,0,S&P500
2020-10-30,26572.26953,26639.17969,26143.76953,26501.59961,504820000,0,0,Dow Jones
2020-10-30,11103.46973,11129.80957,10822.57031,10911.58984,3662840000,0,0,Nasdaq
2020-11-02,3296.199951,3330.139893,3279.73999,3310.23999,4310590000,0,0,S&P500
2020-11-02,26691.2793,27043.48047,26691.2793,26925.05078,379990000,0,0,Dow Jones
2020-11-02,11010.4502,11071.08008,10830.9502,10957.61035,3196720000,0,0,Nasdaq
2020-11-03,3336.25,3389.48999,3336.25,3369.159912,4220070000,0,0,S&P500
2020-11-03,27138.68945,27640.21094,27138.68945,27480.0293,350980000,0,0,Dow Jones
2020-11-03,11038.66016,11213.91992,11004.83984,11160.57031,3190710000,0,0,Nasdaq
2020-11-04,3406.459961,3486.25,3405.169922,3443.439941,4783040000,0,0,S&P500
2020-11-04,27512.83008,28301.5,27512.83008,27847.66016,447860000,0,0,Dow Jones
2020-11-04,11443.76953,11663.30957,11394.20996,11590.78027,3606820000,0,0,Nasdaq
2020-11-05,3485.73999,3529.050049,3485.73999,3510.449951,4841190000,0,0,S&P500
2020-11-05,28083.36914,28495.05078,28083.36914,28390.17969,390140000,0,0,Dow Jones
2020-11-05,11816.33008,11924.28027,11784.15039,11890.92969,3823380000,0,0,Nasdaq
2020-11-06,3508.340088,3521.580078,3484.340088,3509.439941,4833950000,0,0,S&P500
2020-11-06,28399.13086,28431.96094,28189.5,28323.40039,326710000,0,0,Dow Jones
2020-11-06,11869.90039,11920.54004,11737.12988,11895.23047,4156030000,0,0,Nasdaq
2020-11-09,3583.040039,3645.98999,3547.47998,3550.5,8556610000,0,0,S&P500
2020-11-09,29467.90039,29933.83008,29130.66016,29157.9707,673310000,0,0,Dow Jones
2020-11-09,12046.66016,12108.07031,11703.49023,11713.78027,5823620000,0,0,Nasdaq
2020-11-10,3543.26001,3557.219971,3511.909912,3545.530029,6024230000,0,0,S&P500
2020-11-10,29254.16992,29478.85938,29126.99023,29420.91992,526980000,0,0,Dow Jones
2020-11-10,11622.44043,11665.87012,11424.61035,11553.86035,4712950000,0,0,Nasdaq
2020-11-11,3563.219971,3581.159912,3557,3572.659912,4609970000,0,0,S&P500
2020-11-11,29524.34961,29593.10938,29281.2207,29397.63086,376700000,0,0,Dow Jones
2020-11-11,11656.65039,11793.57031,11638.90039,11786.42969,3823270000,0,0,Nasdaq
2020-11-12,3562.669922,3569.02002,3518.580078,3537.01001,4890120000,0,0,S&P500
2020-11-12,29231.91016,29311.83008,28902.13086,29080.16992,369320000,0,0,Dow Jones
2020-11-12,11802.5,11847.83984,11666.37012,11709.58984,3862690000,0,0,Nasdaq
2020-11-13,3552.570068,3593.659912,3552.570068,3585.149902,4709670000,0,0,S&P500
2020-11-13,29203.90039,29559.25,29203.90039,29479.81055,348810000,0,0,Dow Jones
2020-11-13,11794.94043,11849.79004,11715.51953,11829.29004,3640680000,0,0,Nasdaq
2020-11-16,3600.159912,3628.51001,3600.159912,3626.909912,5281980000,0,0,S&P500
2020-11-16,29672.35938,29964.28906,29672.35938,29950.43945,418290000,0,0,Dow Jones
2020-11-16,11847.11035,11937.71973,11814.88965,11924.12988,4138920000,0,0,Nasdaq
2020-11-17,3610.310059,3623.110107,3588.679932,3609.530029,4799570000,0,0,S&P500
2020-11-17,29800.15039,29872.41992,29520.28906,29783.34961,372380000,0,0,Dow Jones
2020-11-17,11913.34961,11950.17969,11852.41016,11899.33984,4122770000,0,0,Nasdaq
2020-11-18,3612.090088,3619.090088,3567.330078,3567.790039,5274450000,0,0,S&P500
2020-11-18,29875.40039,29930.84961,29432.83984,29438.41992,382850000,0,0,Dow Jones
2020-11-18,11896.05957,11942.49023,11799.95996,11801.59961,4699160000,0,0,Nasdaq
2020-11-19,3559.409912,3570.629883,3543.840088,3561.97998,1181940626,0,0,S&P500
2020-11-19,29370.91992,29442.59961,29228.40039,29330.42969,187592474,0,0,Dow Jones
2020-11-19,11779,11912.63477,11760.98242,11904.71387,738154250,0,0,Nasdaq
